title,preview
NASA's Mars 2020 Rover Tests Descent-Stage Separation,A crane lifts the rocket-powered descent stage away from NASA's Mars 2020 rover after technicians tested the pyrotechnic charges that separate the two spacecraft.
Alabama High School Student Names NASA's Mars Helicopter,"Vaneeza Rupani's essay was chosen as the name for the small spacecraft, which will mark NASA's first attempt at powered flight on another planet."
NASA's Mars Rover Drivers Need Your Help,"Using an online tool to label Martian terrain types, you can train an artificial intelligence algorithm that could improve the way engineers guide the Curiosity rover."
NASA's Curiosity Rover Finds an Ancient Oasis on Mars,"New evidence suggests salty, shallow ponds once dotted a Martian crater — a sign of the planet's drying climate."
5 Hidden Gems Are Riding Aboard NASA's Perseverance Rover,"The symbols, mottos, and small objects added to the agency's newest Mars rover serve a variety of purposes, from functional to decorative."
NASA's Briefcase-Size MarCO Satellite Picks Up Honors,"The twin spacecraft, the first of their kind to fly into deep space, earn a Laureate from Aviation Week & Space Technology."
NASA's Perseverance Rover Is Midway to Mars ,Sometimes half measures can be a good thing – especially on a journey this long. The agency's latest rover only has about 146 million miles left to reach its destination.
"NASA Wins 4 Webbys, 4 People's Voice Awards","Winners include the JPL-managed ""Send Your Name to Mars"" campaign, NASA's Global Climate Change website and Solar System Interactive."
NASA's Mars 2020 Will Hunt for Microscopic Fossils,A new paper identifies a ring of minerals at the rover's landing site that are ideal for fossilizing microbial life.
Air Deliveries Bring NASA's Perseverance Mars Rover Closer to Launch,A NASA Wallops Flight Facility cargo plane transported more than two tons of equipment — including the rover's sample collection tubes — to Florida for this summer's liftoff.
Naming a NASA Mars Rover Can Change Your Life,Want to name the robotic scientist NASA is sending to Mars in 2020? The student who named Curiosity — the rover currently exploring Mars — will tell you this is an opportunity worth taking.
Mars InSight Lander to Push on Top of the 'Mole',"Engineers have a plan for pushing down on the heat probe, which has been stuck at the Martian surface for a year."
NASA Moves Forward With Campaign to Return Mars Samples to Earth,"During this next phase, the program will mature critical technologies and make critical design decisions as well as assess industry partnerships."
NASA Perseverance Mars Rover Scientists Train in the Nevada Desert,"Team members searched for signs of ancient microscopic life there, just as NASA's latest rover will on the Red Planet next year."
Global Storms on Mars Launch Dust Towers Into the Sky,"A Mars Dust Tower Stands Out Dust storms are common on Mars. But every decade or so, something unpredictable happens: a series of runaway storms break out, covering the entire planet in a dusty haze."
NASA's Mars 2020 Rover Tests Descent-Stage Separation,A crane lifts the rocket-powered descent stage away from NASA's Mars 2020 rover after technicians tested the pyrotechnic charges that separate the two spacecraft.
Alabama High School Student Names NASA's Mars Helicopter,"Vaneeza Rupani's essay was chosen as the name for the small spacecraft, which will mark NASA's first attempt at powered flight on another planet."
NASA's Mars Rover Drivers Need Your Help,"Using an online tool to label Martian terrain types, you can train an artificial intelligence algorithm that could improve the way engineers guide the Curiosity rover."
NASA's Curiosity Rover Finds an Ancient Oasis on Mars,"New evidence suggests salty, shallow ponds once dotted a Martian crater — a sign of the planet's drying climate."
5 Hidden Gems Are Riding Aboard NASA's Perseverance Rover,"The symbols, mottos, and small objects added to the agency's newest Mars rover serve a variety of purposes, from functional to decorative."
NASA's Briefcase-Size MarCO Satellite Picks Up Honors,"The twin spacecraft, the first of their kind to fly into deep space, earn a Laureate from Aviation Week & Space Technology."
NASA's Perseverance Rover Is Midway to Mars ,Sometimes half measures can be a good thing – especially on a journey this long. The agency's latest rover only has about 146 million miles left to reach its destination.
"NASA Wins 4 Webbys, 4 People's Voice Awards","Winners include the JPL-managed ""Send Your Name to Mars"" campaign, NASA's Global Climate Change website and Solar System Interactive."
NASA's Mars 2020 Will Hunt for Microscopic Fossils,A new paper identifies a ring of minerals at the rover's landing site that are ideal for fossilizing microbial life.
Air Deliveries Bring NASA's Perseverance Mars Rover Closer to Launch,A NASA Wallops Flight Facility cargo plane transported more than two tons of equipment — including the rover's sample collection tubes — to Florida for this summer's liftoff.
Naming a NASA Mars Rover Can Change Your Life,Want to name the robotic scientist NASA is sending to Mars in 2020? The student who named Curiosity — the rover currently exploring Mars — will tell you this is an opportunity worth taking.
Mars InSight Lander to Push on Top of the 'Mole',"Engineers have a plan for pushing down on the heat probe, which has been stuck at the Martian surface for a year."
NASA Moves Forward With Campaign to Return Mars Samples to Earth,"During this next phase, the program will mature critical technologies and make critical design decisions as well as assess industry partnerships."
NASA Perseverance Mars Rover Scientists Train in the Nevada Desert,"Team members searched for signs of ancient microscopic life there, just as NASA's latest rover will on the Red Planet next year."
Global Storms on Mars Launch Dust Towers Into the Sky,"A Mars Dust Tower Stands Out Dust storms are common on Mars. But every decade or so, something unpredictable happens: a series of runaway storms break out, covering the entire planet in a dusty haze."
